DATETIME,CF,Time,Year,Month,Day,holiday_ind,low_corr_PCA_1,low_corr_PCA_2,low_corr_PCA_3,high_corr_cluster1_PCA_1,high_corr_cluster1_PCA_2,high_corr_cluster1_PCA_3,high_corr_cluster1_PCA_4,high_corr_cluster1_PCA_5,high_corr_cluster1_PCA_6,high_corr_cluster1_PCA_7,high_corr_cluster2_PCA_1,high_corr_cluster2_PCA_2,high_corr_cluster2_PCA_3,high_corr_cluster2_PCA_4,high_corr_cluster2_PCA_5,high_corr_cluster2_PCA_6,high_corr_cluster2_PCA_7,high_corr_cluster3_PCA_1,high_corr_cluster3_PCA_2,high_corr_cluster3_PCA_3,high_corr_cluster3_PCA_4,high_corr_cluster3_PCA_5,high_corr_cluster3_PCA_6,high_corr_cluster3_PCA_7
2020-01-09 00:00:00,0.02978298,0,2020,1,9,0,0.0951436655277819,0.0274685805995707,0.0801704944577304,0.3796709836872992,0.1802055726619758,0.0980242698692248,-0.0617957520554038,0.101397936297556,-0.0780483829161741,-0.0129772193918248,0.3796709836873018,0.1802055726618867,0.0980242698681604,-0.0617957520278702,0.101397936441767,-0.0780483828298095,-0.0129772202583007,0.3796709836872994,0.1802055726619563,0.0980242698694343,-0.0617957520517704,0.1013979362632823,-0.0780483828382801,-0.0129772201923394
2020-01-09 01:00:00,0.03110702,1,2020,1,9,0,0.1744489600123079,0.0562011761329199,0.2007781483052143,0.3448821437164133,0.1136688520363499,0.1386528507632606,-0.0179460342407505,0.1625952840179365,-0.0684387312587201,-0.0213193582652916,0.3448821437164193,0.1136688520361354,0.1386528507611925,-0.0179460341807761,0.1625952842943418,-0.0684387310217854,-0.0213193605526247,0.3448821437164142,0.1136688520362808,0.138652850763937,-0.0179460342313138,0.1625952839232374,-0.0684387310362059,-0.0213193604053111
2020-01-09 02:00:00,0.032144424,2,2020,1,9,0,0.1780955829319742,0.0492632651677796,0.233460564308066,0.3093814900243203,0.0776697118483897,0.1564015271973424,0.0140968340199981,0.1661873038166038,-0.0439666007324291,-0.0229841155663149,0.3093814900243235,0.0776697118482673,0.1564015271964907,0.0140968340514534,0.166187303927227,-0.0439666005873528,-0.0229841170617715,0.3093814900243209,0.0776697118483584,0.1564015271976943,0.0140968340272061,0.1661873037496783,-0.0439666005874646,-0.0229841171167386
2020-01-09 03:00:00,0.034591857,3,2020,1,9,0,0.1546660289685854,0.0730330883397792,0.2018663858693622,0.2466725594080809,0.0863655641673065,0.1320723166926239,0.0555526460459945,0.14797657578897,-0.0239449073954957,-0.0197713243335699,0.246672559408086,0.0863655641671158,0.1320723166912147,0.0555526460950982,0.1479765759724137,-0.0239449071663282,-0.0197713265872,0.246672559408082,0.0863655641672442,0.1320723166932364,0.0555526460561292,0.1479765756854514,-0.0239449071730933,-0.0197713265743258
2020-01-09 04:00:00,0.03913978,4,2020,1,9,0,0.1853598635161525,0.0822257138177351,0.1766521631939031,0.1899286644039354,0.0396055878998017,0.1197304898437854,0.0730753205426563,0.1509344464717932,0.0045148265888803,0.0119758374707868,0.1899286644039398,0.039605587899633,0.1197304898425661,0.0730753205845754,0.1509344466296694,0.0045148268003638,0.0119758355111353,0.1899286644039363,0.0396055878997305,0.1197304898444647,0.0730753205506924,0.1509344463874655,0.0045148267954462,0.0119758356155659
2020-01-09 05:00:00,0.09573564,5,2020,1,9,0,0.037492602556836,0.1278150078338218,0.0766830442167551,-0.0048768634880708,0.1152927625468906,0.0582314688211779,0.0901128481698399,0.0785733128958392,0.0089133504232053,0.0160927487870389,-0.004876863488075,0.1152927625469922,0.0582314688231437,0.0901128481298727,0.078573312623321,0.0089133503570832,0.016092749418453,-0.0048768634880711,0.1152927625469056,0.058231468821094,0.0901128481680814,0.0785733129229341,0.0089133503889306,0.0160927491918688
2020-01-09 06:00:00,0.22897786,6,2020,1,9,0,-0.077089784648064,0.2268617833663653,-0.0666375271730913,-0.1933232771053424,0.1327987444355426,0.0114126207837915,0.0973303666136819,0.0227827817952787,-0.0003630072227409,0.0271094278414004,-0.193323277105349,0.1327987444357621,0.0114126207862557,0.097330366549916,0.0227827814633636,-0.0003630074629739,0.0271094299533349,-0.1933232771053431,0.1327987444356329,0.0114126207830082,0.0973303666065614,0.0227827818816471,-0.0003630074333026,0.0271094295932499
2020-01-09 07:00:00,0.22505385,7,2020,1,9,0,-0.1048258190415609,0.2673545437749407,-0.0987156468197495,-0.2737800310274048,0.101245954647388,-0.0111411978198012,0.1068621472977654,-0.0048546055656451,0.0059503339381837,0.0138265993211631,-0.2737800310274068,0.1012459546474659,-0.0111411978191217,0.1068621472783667,-0.0048546056556322,0.0059503338377568,0.0138266001272461,-0.273780031027405,0.1012459546474358,-0.0111411978202304,0.1068621472955169,-0.0048546055382303,0.0059503338434972,0.0138265999527364
2020-01-09 08:00:00,0.20214444,8,2020,1,9,0,-0.077145420583877,0.3169494734874728,-0.1091815021594909,-0.307676449985875,0.0815743331531503,-0.0192297839218365,0.1073505458939944,-0.0059693276167201,-0.012409373934036,0.0114827656516003,-0.3076764499858782,0.0815743331532541,-0.0192297839207273,0.1073505458650445,-0.0059693277652709,-0.0124093740539484,0.0114827666557322,-0.3076764499858756,0.0815743331532001,-0.0192297839222813,0.1073505458908973,-0.0059693275792633,-0.0124093740421366,0.0114827664536326
2020-01-09 09:00:00,0.21773326,9,2020,1,9,0,0.0141150542550565,0.303847148756614,-0.102072311790831,-0.2954353454202932,0.0795441384261173,-0.015507596384817,0.1252050272373301,-0.023801512090566,-0.0191549109551063,0.0127442487722219,-0.2954353454202958,0.0795441384262007,-0.0155075963837679,0.1252050272118495,-0.0238015122334434,-0.0191549110405415,0.0127442495251754,-0.2954353454202936,0.0795441384261489,-0.0155075963851005,0.1252050272349495,-0.0238015120634779,-0.0191549110284359,0.012744249370617
2020-01-09 10:00:00,0.19093157,10,2020,1,9,0,0.0853867382323287,0.1928805507599909,-0.0477387362481654,-0.1726648227369785,0.0377746007892039,0.0057787372953373,0.1770717023118324,-0.0312983280380889,-0.0218982580538196,-0.0165965535431262,-0.1726648227369785,0.0377746007892098,0.0057787372951676,0.1770717023124625,-0.0312983280133185,-0.0218982580709849,-0.0165965533595556,-0.1726648227369789,0.0377746007892041,0.0057787372953066,0.1770717023106336,-0.0312983280288387,-0.0218982580743447,-0.0165965532958218
2020-01-09 11:00:00,0.0704283,11,2020,1,9,0,0.2159268476861206,0.1561657720386505,0.111079618882707,-0.0008299686585134,-0.0869280889724787,0.0487123174041282,0.1643672413096562,0.0444979250494351,-0.0482607997876156,-0.0672439829957181,-0.0008299686585073,-0.0869280889726861,0.0487123174020195,0.1643672413678281,0.0444979253317375,-0.0482607995536882,-0.0672439851070519,-0.0008299686585127,-0.0869280889725639,0.0487123174048632,0.1643672413173174,0.0444979249577746,-0.0482607995780311,-0.0672439848333233
2020-01-09 12:00:00,0.0739776,12,2020,1,9,0,0.2181103827869602,0.1406995851379241,0.217867619562734,0.0188796536369271,-0.1720911943498211,0.0461373066167961,0.116106849670515,0.1140414155805116,-0.0308369038795287,-0.0963642114581122,0.0188796536369378,-0.1720911943501342,0.0461373066125644,0.1161068497719554,0.1140414161558174,-0.0308369035833144,-0.0963642142166405,0.0188796536369282,-0.1720911943499084,0.0461373066175215,0.1161068496805552,0.1140414154578254,-0.0308369036413963,-0.0963642137666594
2020-01-09 13:00:00,0.06728218,13,2020,1,9,0,0.2104009302667026,0.1725356500201889,0.2493269275202927,0.0466932822343154,-0.2213193298428888,0.0455685702168418,0.0873120369205655,0.1317998250113673,-0.0196461361141727,-0.0939148088593445,0.0466932822343213,-0.2213193298430464,0.0455685702144015,0.0873120369771546,0.1317998253464691,-0.019646135993182,-0.0939148101815765,0.0466932822343161,-0.2213193298429003,0.0455685702169326,0.0873120369264466,0.1317998249473535,-0.0196461360272337,-0.0939148100703518
2020-01-09 14:00:00,0.19877903,14,2020,1,9,0,0.0065585141831531,0.2908301555386546,0.1700746498347295,-0.1740978184628107,-0.0607360708113009,-0.0301448269182348,0.1029967858161787,0.1034735242333003,-0.0084591446678834,-0.0581257281968239,-0.1740978184628135,-0.0607360708112339,-0.0301448269169363,0.1029967857892498,0.1034735240545415,-0.0084591447096518,-0.0581257277646801,-0.174097818462811,-0.0607360708113006,-0.0301448269182439,0.1029967858144384,0.1034735242524445,-0.0084591446915246,-0.0581257278627864
2020-01-09 15:00:00,0.2881213,15,2020,1,9,0,-0.0478097781219762,0.3786726439956692,0.0744647324844356,-0.2944630927733442,0.0169553740361863,-0.0477079910458008,0.0715983309993873,0.0820725903740663,-0.0161805850407219,-0.0201960799708066,-0.2944630927733488,0.0169553740363361,-0.0477079910441166,0.0715983309546654,0.0820725901469375,-0.0161805851970656,-0.02019607848967,-0.2944630927733448,0.0169553740362323,-0.0477079910462133,0.0715983309935216,0.0820725904397536,-0.0161805851779163,-0.0201960786403832
2020-01-09 16:00:00,0.26632845,16,2020,1,9,0,-0.1173957687560533,0.4001577505634135,-0.0068828046629531,-0.3528883360534339,0.0624409390214486,-0.052234457659591,0.0543099721140133,0.0624778623490971,-0.0197089881287209,0.0300966724261134,-0.3528883360534359,0.0624409390215332,-0.0522344576587751,0.0543099720913665,0.0624778622419402,-0.0197089882318226,0.0300966732858654,-0.3528883360534343,0.0624409390214899,-0.0522344576599725,0.0543099721111533,0.0624778623826581,-0.0197089882247082,0.0300966731402027
2020-01-09 17:00:00,0.26324934,17,2020,1,9,0,-0.1225945317159842,0.3655491696023677,-0.0361342332384632,-0.3725637204061474,0.0823315316098297,-0.036832271512049,0.0437765982248354,0.0482171307693939,-0.0161837070661995,0.0467109243892705,-0.3725637204061444,0.0823315316097337,-0.0368322715130456,0.0437765982522998,0.0482171309029071,-0.0161837069594733,0.046710923413102,-0.3725637204061472,0.0823315316097936,-0.0368322715117538,0.0437765982285335,0.0482171307225042,-0.0161837069738554,0.0467109235235164
2020-01-09 18:00:00,0.2556232,18,2020,1,9,0,-0.1097922822435877,0.3609369230839242,-0.067098341097509,-0.3718909988105986,0.0910139093746584,-0.0246971805118414,0.0437571267771983,0.0296613374244036,-0.0053852366345209,0.0519996286545551,-0.3718909988105944,0.0910139093745189,-0.0246971805132368,0.0437571268164088,0.0296613376109169,-0.0053852364774569,0.0519996272154207,-0.3718909988105983,0.0910139093746052,-0.0246971805113863,0.0437571267827087,0.0296613373582569,-0.0053852364947289,0.0519996273685334
2020-01-09 19:00:00,0.25498283,19,2020,1,9,0,-0.1033904131557712,0.3501188872388346,-0.1015291210982231,-0.3700261612993344,0.0925244069933829,-0.0299028864598555,0.0344653036281689,-0.0015809626850984,-0.0050570934709889,0.0555337765525733,-0.3700261612993362,0.0925244069934368,-0.0299028864590197,0.0344653036103704,-0.0015809627978863,-0.0050570935229315,0.0555337769430334,-0.3700261612993348,0.0925244069934052,-0.0299028864600629,0.034465303627372,-0.0015809626747847,-0.0050570935138573,0.0555337767859944
2020-01-09 20:00:00,0.23662312,20,2020,1,9,0,-0.0960924795031617,0.3343907328765438,-0.1141919787379514,-0.3615769386836128,0.092997912913468,-0.0298921319858863,0.036746292198616,-0.0113594930518538,-0.0062589884043221,0.056759769882506,-0.3615769386836081,0.0929979129133095,-0.0298921319873177,0.0367462922412883,-0.0113594928622606,-0.0062589882169804,0.0567597681786606,-0.3615769386836123,0.0929979129134028,-0.0298921319853218,0.036746292205202,-0.0113594931305867,-0.0062589882337473,0.0567597683393875
2020-01-09 21:00:00,0.23431462,21,2020,1,9,0,-0.0831481084602315,0.3165703400656685,-0.1079820950648255,-0.3361729871363185,0.0848036745407643,-0.0308010966735197,0.0420229797107174,-0.0242560378467098,-0.0078157417201929,0.0565879439908752,-0.3361729871363204,0.08480367454082,-0.0308010966727678,0.0420229796931887,-0.0242560379470894,-0.0078157417769839,0.0565879444630555,-0.336172987136319,0.0848036745407838,-0.0308010966737104,0.0420229797092195,-0.0242560378303377,-0.007815741769505,0.0565879443542843
2020-01-09 22:00:00,0.26666015,22,2020,1,9,0,-0.0853154027502725,0.2921567658613883,-0.0866852068645747,-0.3106666288109563,0.0636447192037634,-0.0360760723962264,0.0461113926938967,-0.0238543472071063,0.0008208445435095,0.0415275636353674,-0.3106666288109516,0.0636447192036066,-0.0360760723978401,0.0461113927380317,-0.0238543469904069,0.0008208447212202,0.0415275620518242,-0.3106666288109561,0.0636447192036966,-0.0360760723956711,0.0461113926994889,-0.0238543472784511,0.0008208446995493,0.0415275622783015
2020-01-09 23:00:00,0.26666015,23,2020,1,9,0,-0.0913946591423477,0.2886425972495409,-0.0725851761602533,-0.315931635452448,0.061687414956622,-0.037890845459247,0.0455159881448978,-0.0195209484026275,-0.0011116839991416,0.0377275809508486,-0.3159316354524495,0.0616874149566799,-0.0378908454585924,0.0455159881283707,-0.0195209484887407,-0.0011116840650636,0.0377275814902662,-0.3159316354524482,0.0616874149566469,-0.0378908454594975,0.0455159881431496,-0.019520948384952,-0.0011116840609641,0.0377275813820678
2020-01-10 00:00:00,0.27459925,0,2020,1,10,0,-0.1107397609989458,0.2522148992317831,-0.0615888984768606,-0.3077362157687351,0.0508945079962493,-0.0432206895715285,0.0489831839108153,-0.0252736036480381,0.0007500543965602,0.0328695183970419,-0.3077362157687378,0.0508945079963278,-0.043220689570553,0.0489831838868961,-0.0252736037783205,0.0007500543146026,0.0328695191088859,-0.3077362157687358,0.0508945079962762,-0.0432206895717944,0.0489831839083375,-0.0252736036221219,0.0007500543233286,0.0328695189820019
2020-01-10 01:00:00,0.29709494,1,2020,1,10,0,-0.153662678938425,0.2049706601783593,-0.0613722132619593,-0.3010232534732903,0.045028252056342,-0.0508782542859335,0.0507665401463797,-0.0365778920199326,0.0078736019753696,0.0278015575847194,-0.3010232534732877,0.0450282520562589,-0.0508782542867403,0.0507665401693531,-0.0365778919121104,0.0078736020712071,0.0278015567209502,-0.3010232534732902,0.0450282520563072,-0.0508782542856485,0.0507665401495843,-0.0365778920609915,0.0078736020597386,0.0278015568227893
2020-01-10 02:00:00,0.2804948,2,2020,1,10,0,-0.1371665476752298,0.2024052943432113,-0.0671568633322697,-0.2875818722019739,0.041315561792355,-0.0627315522372234,0.0501550823912026,-0.0469572793188951,0.009667810034908,0.0275954440326714,-0.2875818722019717,0.0413155617922906,-0.0627315522379518,0.0501550824101589,-0.0469572792206929,0.0096678101038807,0.0275954434143007,-0.287581872201974,0.0413155617923304,-0.0627315522370189,0.0501550823934157,-0.0469572793466958,0.0096678100942741,0.0275954435083165
2020-01-10 03:00:00,0.27716577,3,2020,1,10,0,-0.1116406358871049,0.2271578226811868,-0.0771241328253687,-0.286569521482608,0.0434630724313458,-0.0702955283594749,0.0550655160297292,-0.0614498814931937,0.0112037544784541,0.0306376069147884,-0.2865695214826125,0.0434630724315006,-0.0702955283578259,0.0550655159852466,-0.0614498817130572,0.0112037543059661,0.0306376084649478,-0.2865695214826084,0.0434630724314041,-0.0702955283599958,0.0550655160239717,-0.0614498814257193,0.0112037543245958,0.0306376082686662
2020-01-10 04:00:00,0.24185477,4,2020,1,10,0,-0.1199342290189214,0.2348967749428498,-0.0796408601368388,-0.2827905892781668,0.0468933230952836,-0.080564044228912,0.0577642751654997,-0.0724087300834017,0.0222995995412106,0.0274916816502068,-0.2827905892781669,0.0468933230952871,-0.0805640442288211,0.0577642751633641,-0.0724087300966813,0.0222995995434673,0.0274916816862713,-0.282790589278167,0.0468933230952776,-0.0805640442288568,0.0577642751651204,-0.0724087300802643,0.0222995995454508,0.027491681713877
2020-01-10 05:00:00,0.22765858,5,2020,1,10,0,-0.0672662362740897,0.2555375337024624,-0.0993802090766661,-0.2686372733459635,0.0485906584161082,-0.0827160378844665,0.0798375669494357,-0.0806696406243544,0.0186080959889752,0.0425280884511697,-0.2686372733459642,0.0485906584161301,-0.0827160378841499,0.0798375669411339,-0.0806696406684819,0.0186080959749367,0.0425280886798025,-0.2686372733459638,0.0485906584161029,-0.0827160378844075,0.0798375669480619,-0.0806696406090775,0.0186080959814241,0.0425280887168615
2020-01-10 06:00:00,0.25596288,6,2020,1,10,0,-0.021694195167112,0.1779897534993198,-0.1150367504908639,-0.1958126617585786,0.0393760807872804,-0.0706796656022076,0.1043987622135275,-0.0918601089606364,0.0229739432854232,0.0592565649601648,-0.1958126617585776,0.0393760807872251,-0.0706796656022987,0.1043987622224398,-0.0918601089540111,0.0229739433787018,0.0592565642294903,-0.1958126617585785,0.0393760807872339,-0.0706796656017867,0.1043987622159169,-0.0918601089902245,0.0229739433815561,0.0592565643216158
2020-01-10 07:00:00,0.18909936,7,2020,1,10,0,-0.0141480863335636,0.0506677001935021,-0.0821316975025607,-0.0733344055015234,0.0012884987167271,-0.0767200764239312,0.1266842277878394,-0.0856197164077018,0.0291560095140112,0.0735543314717108,-0.0733344055015186,0.0012884987165297,-0.0767200764251658,0.1266842278342778,-0.085619716249886,0.0291560097740896,0.0735543291095162,-0.0733344055015226,0.0012884987166309,-0.0767200764230697,0.1266842277972507,-0.085619716514816,0.0291560097658706,0.0735543292499936
2020-01-10 08:00:00,0.09604373,8,2020,1,10,0,0.0092198375803082,-0.0335301084747383,-0.0611256508589171,0.0575814718322308,-0.0600002202962165,-0.114630833231618,0.1577347410420894,-0.0456937818912141,0.001120522501474,0.1377751270840335,0.0575814718322301,-0.0600002202961878,-0.1146308332314009,0.1577347410353156,-0.0456937819191098,0.0011205224620517,0.1377751274012948,0.0575814718322308,-0.0600002202962005,-0.1146308332317852,0.1577347410410881,-0.0456937818819284,0.0011205224622421,0.1377751273503226
2020-01-10 09:00:00,0.083179355,9,2020,1,10,0,-0.0650536433755658,-0.2089015285737179,-0.0402529867134872,0.2527083392168893,-0.1522081151375085,-0.115188435866248,0.1385025535441899,-0.0255991116461535,0.0052094617616231,0.1728685401860294,0.2527083392168864,-0.1522081151373935,-0.1151884358655138,0.138502553516765,-0.0255991117397748,0.0052094616104336,0.1728685415667168,0.2527083392168889,-0.1522081151374569,-0.1151884358667306,0.1385025535385307,-0.0255991115838943,0.0052094616148579,0.1728685415025818
2020-01-10 10:00:00,0.10358526,10,2020,1,10,0,-0.1682891407367751,-0.1648553767949658,-0.0559940914037581,0.1545041714774158,-0.0927514539652249,-0.1398874775327884,0.1079069019913882,-0.0372047526830732,0.0112864313232072,0.1344680595745844,0.1545041714774138,-0.0927514539651754,-0.1398874775319895,0.1079069019720736,-0.0372047527931431,0.0112864312929297,0.1344680600190952,0.1545041714774156,-0.0927514539652371,-0.1398874775326903,0.1079069019886408,-0.0372047526563805,0.0112864313040474,0.134468060071107
2020-01-10 11:00:00,0.12804803,11,2020,1,10,0,-0.1865739885244879,-0.1700824888171513,-0.0551463567647543,0.112535897374714,-0.091105780445119,-0.1285701169850392,0.0944864623941235,-0.0177875851902005,-0.0080939341666872,0.1433833362819994,0.1125358973747122,-0.0911057804450635,-0.1285701169844418,0.0944864623770718,-0.0177875852705468,-0.0080939342220777,0.1433833368739031,0.1125358973747138,-0.0911057804451111,-0.1285701169851126,0.0944864623912386,-0.0177875851588482,-0.0080939342143656,0.1433833368823659
2020-01-10 12:00:00,0.15115811,12,2020,1,10,0,-0.1886596646489176,-0.1375332332699131,-0.0317578472277865,0.0843702863410735,-0.07597984320808,-0.1300134549958879,0.0821732586305646,0.0006315398131043,-0.0290424328796241,0.1342477347593644,0.0843702863410741,-0.0759798432080897,-0.1300134549963149,0.0821732586361836,0.0006315398733189,-0.0290424328797589,0.1342477348460767,0.0843702863410735,-0.0759798432080884,-0.1300134549958314,0.0821732586292957,0.0006315398234148,-0.0290424328869919,0.1342477349780908
2020-01-10 13:00:00,0.14978838,13,2020,1,10,0,-0.2043454512496171,-0.1532300902423346,0.0181777560965965,0.0885537581521104,-0.0749652732091779,-0.1217920217091356,0.0760938624017194,0.0326725908095085,-0.0305540451513417,0.1088375279868989,0.0885537581521147,-0.0749652732092994,-0.1217920217110007,0.0760938624423781,0.0326725910648449,-0.0305540450406945,0.1088375270693482,0.0885537581521107,-0.0749652732092239,-0.1217920217087687,0.0760938624039337,0.0326725907757656,-0.0305540450670645,0.1088375273812372
2020-01-10 14:00:00,0.11387129,14,2020,1,10,0,-0.2279574281463686,-0.1313526940252684,0.0623711619451549,0.0963888912446017,-0.0739349586487658,-0.1347588948242788,0.0636437531611128,0.0442219349905824,-0.0220599211329316,0.0869512331848358,0.0963888912446011,-0.0739349586487362,-0.1347588948242916,0.0636437531564924,0.0442219349957363,-0.0220599211834177,0.0869512336293461,0.0963888912446015,-0.0739349586487459,-0.1347588948244596,0.0636437531592451,0.0442219350126685,-0.0220599211848841,0.0869512336291157
2020-01-10 15:00:00,0.11753849,15,2020,1,10,0,-0.2135204895836844,-0.1302496381393758,0.0949571688503048,0.1393085596377344,-0.0770241164027228,-0.1358189817816459,0.0519733858546587,0.0273689700959004,-0.0172091864747778,0.0833948391286033,0.1393085596377347,-0.0770241164027203,-0.1358189817818682,0.0519733858569641,0.0273689701283528,-0.0172091864917173,0.0833948392634344,0.1393085596377345,-0.0770241164027139,-0.1358189817817238,0.0519733858540616,0.0273689701040181,-0.0172091864946533,0.0833948392812338
2020-01-10 16:00:00,0.09263821,16,2020,1,10,0,-0.218646354206971,-0.077829723823629,0.1214479073085977,0.1504937344319193,-0.0606838956194239,-0.161296730120716,0.0691955871026011,0.0304020279399817,-0.0142885867322699,0.0828402548783796,0.1504937344319195,-0.0606838956194141,-0.1612967301209492,0.0691955871042048,0.0304020279746356,-0.0142885867643022,0.0828402551135478,0.1504937344319194,-0.0606838956194051,-0.1612967301208785,0.0691955871018364,0.0304020279516531,-0.0142885867674542,0.0828402551019743
2020-01-10 17:00:00,0.085704684,17,2020,1,10,0,-0.2264556155589395,-0.1056047846212334,0.1374261346596993,0.2104798090567682,-0.0725589059811213,-0.1633271623133141,0.0500248363832303,0.0305063424366553,-0.0156167586452766,0.0778002316792907,0.2104798090567693,-0.0725589059811484,-0.163327162313943,0.0500248363952104,0.030506342524482,-0.0156167586352121,0.0778002315559895,0.2104798090567682,-0.0725589059811202,-0.1633271623133287,0.0500248363835806,0.0305063424333691,-0.0156167586436075,0.0778002316149102
2020-01-10 18:00:00,0.08781604,18,2020,1,10,0,-0.2033937727182927,-0.1412988154209441,0.1462996052510477,0.2599599047579996,-0.0901552768179029,-0.1694335107554145,0.0402651090493269,0.0499341024521354,-0.0161783194396518,0.0720789248324929,0.2599599047580013,-0.0901552768179433,-0.1694335107563246,0.040265109067159,0.0499341025792362,-0.0161783194241175,0.0720789246264337,0.2599599047579997,-0.0901552768178999,-0.16943351075546,0.0402651090500953,0.0499341024425863,-0.0161783194378357,0.0720789246956002
2020-01-10 19:00:00,0.07736992,19,2020,1,10,0,-0.1630543472421676,-0.1532881972491263,0.1197931175284062,0.2914086129775917,-0.0684829333401288,-0.1832032888073325,0.0055461665271856,0.040375200924426,-0.0120159920071184,0.0933135299257839,0.2914086129775937,-0.068482933340182,-0.183203288808235,0.0055461665468055,0.0403752010489275,-0.012015991968988,0.0933135295334276,0.2914086129775921,-0.0684829333401362,-0.1832032888072797,0.0055461665286413,0.0403752009073257,-0.0120159919811993,0.0933135296139753
2020-01-10 20:00:00,0.07928169,20,2020,1,10,0,-0.1637731472098518,-0.1401498676379167,0.0746652512063529,0.3034183606734575,-0.0486034907535948,-0.1994615215656985,-0.0029447503422311,0.0434189112212006,-0.0068099687931859,0.1063274762070662,0.3034183606734594,-0.0486034907536216,-0.1994615215666128,-0.0029447503249286,0.0434189113498621,-0.0068099688099692,0.1063274761452369,0.3034183606734578,-0.0486034907535608,-0.1994615215659967,-0.0029447503408881,0.0434189112119406,-0.0068099688231561,0.1063274760788583
2020-01-10 21:00:00,0.08141251,21,2020,1,10,0,-0.1591206599906872,-0.1153840388540866,0.0472753736661034,0.3072442213929183,-0.040243430223242,-0.2056175898422157,-0.0071664329276237,0.0228328883195065,0.0114107786512766,0.1070318343840627,0.307244221392917,-0.0402434302231728,-0.2056175898420168,-0.0071664329389676,0.0228328882985657,0.0114107785322027,0.1070318352389953,0.3072442213929182,-0.040243430223173,-0.2056175898428096,-0.0071664329295805,0.0228328883515004,0.0114107785337294,0.1070318350346936
2020-01-10 22:00:00,0.07532835,22,2020,1,10,0,-0.1661348525221663,-0.0732009380863939,0.0059152234525581,0.2896568149023907,-0.0219378954849699,-0.2031893728882248,-0.0020570166659196,-0.0136996210004851,0.0347252417314019,0.1082299665534304,0.2896568149023882,-0.0219378954848776,-0.2031893728874814,-0.0020570166878263,-0.0136996210974099,0.034725241604961,0.1082299675207975,0.2896568149023908,-0.0219378954849046,-0.2031893728887827,-0.0020570166683447,-0.013699620964043,0.0347252416139498,0.1082299672816661
2020-01-10 23:00:00,0.061246272,23,2020,1,10,0,-0.1382658504542699,-0.0192426458856655,-0.002629047095182,0.3047934890889284,-0.0013053054714359,-0.2263640679214776,-0.0061101025034767,-0.0139391742631675,0.0236349532126871,0.1172184368632001,0.3047934890889286,-0.0013053054714194,-0.2263640679216871,-0.0061101025012438,-0.0139391742314611,0.023634953158791,0.1172184371160826,0.3047934890889286,-0.0013053054713864,-0.2263640679218856,-0.0061101025028538,-0.013939174259418,0.0236349531570574,0.1172184369357227
2020-01-11 00:00:00,0.03907213,0,2020,1,11,0,-0.0987173385548325,-0.0237258978169049,-0.0374974627118583,0.305614769788083,0.0060931793172575,-0.2252192470499173,-0.0142068180897206,-0.0158517508807867,0.0261998646720384,0.1208119751158833,0.3056147697880808,0.0060931793173497,-0.225219247049323,-0.014206818110111,-0.0158517509564431,0.0261998645391881,0.1208119761605137,0.3056147697880831,0.0060931793173239,-0.2252192470504824,-0.0142068180926862,-0.0158517508379953,0.0261998645466132,0.1208119759577009
2020-01-11 01:00:00,0.05743661,1,2020,1,11,0,-0.0616971348740776,-0.0456552689473847,-0.0333014753557852,0.3186968668836215,-0.0083577504191049,-0.2249082224862433,-0.0240528629400057,-0.0140633291403527,0.0302277213643833,0.1084447177401305,0.3186968668836197,-0.008357750419049,-0.2249082224856576,-0.024052862954521,-0.0140633292187924,0.0302277212926781,0.1084447182563383,0.3186968668836213,-0.0083577504190636,-0.2249082224865892,-0.0240528629408124,-0.0140633291243005,0.0302277213006834,0.1084447180628567
2020-01-11 02:00:00,0.04730949,2,2020,1,11,0,-0.0872164563474896,-0.0062303104619141,-0.0041482131571744,0.2767988503490788,-0.0062146159695577,-0.2428649327140774,-0.003339928053178,-0.0190278005974849,0.0232762483543838,0.0887476375782028,0.2767988503490767,-0.0062146159694771,-0.2428649327133879,-0.0033399280726311,-0.019027800688139,0.0232762482449415,0.088747638403566,0.2767988503490788,-0.006214615969499,-0.242864932714571,-0.0033399280550241,-0.0190278005671737,0.023276248254464,0.088747638173939
2020-01-11 03:00:00,0.043248694,3,2020,1,11,0,-0.1594094317212432,0.0395850036402314,0.0052305274736096,0.2056142212171602,-0.0146627026743425,-0.2569952202564317,0.0171324189271136,-0.0222676482340195,-0.0026777163736004,0.0692468046376808,0.2056142212171637,-0.0146627026744402,-0.2569952202579416,0.017132418961693,-0.0222676480276853,-0.0026777162982684,0.0692468038433765,0.2056142212171605,-0.0146627026743518,-0.2569952202563278,0.0171324189305732,-0.0222676482671969,-0.002677716314344,0.0692468039300742
2020-01-11 04:00:00,0.045312446,4,2020,1,11,0,-0.1940087290141305,0.0385030509772089,-0.0130377958953525,0.1646777678425248,-0.0380513150927264,-0.2613696320169097,0.0159255870973463,-0.0265724972072729,-0.0104319683551753,0.0517063674239578,0.1646777678425287,-0.0380513150928397,-0.26136963201842,0.0159255871345326,-0.0265724970025899,-0.0104319682542065,0.0517063663944232,0.1646777678425253,-0.0380513150927446,-0.2613696320167228,0.0159255871018609,-0.0265724972521057,-0.0104319682694818,0.0517063664729969
2020-01-11 05:00:00,0.048154037,5,2020,1,11,0,-0.1976219041827573,0.0463066465449329,-0.0096692693460545,0.1553708023984744,-0.0398923638846996,-0.2498991949454157,0.0140580818106978,-0.0424312546359323,0.0012398612366706,0.0446020249988206,0.155370802398479,-0.0398923638848347,-0.2498991949472029,0.0140580818544945,-0.0424312543939615,0.0012398613607822,0.0446020237786457,0.1553708023984749,-0.039892363884727,-0.249899194945148,0.0140580818157672,-0.0424312546879858,0.0012398613420149,0.0446020239042434
2020-01-11 06:00:00,0.046970177,6,2020,1,11,0,-0.240269070375546,0.0417008960752351,-0.0034876695620324,0.1426159199031314,-0.0373354439917273,-0.2440225455695651,0.0220911698710145,-0.055237558759985,-0.0003324996993485,0.0350512190272068,0.1426159199031328,-0.0373354439917516,-0.2440225455702946,0.0220911698846007,-0.0552375586576061,-0.0003324997062344,0.0350512189601578,0.1426159199031315,-0.0373354439917077,-0.244022545569714,0.0220911698718067,-0.0552375587607596,-0.0003324997132049,0.0350512189466829
2020-01-11 07:00:00,0.058877435,7,2020,1,11,0,-0.2163771637701579,0.0161183654678739,0.0284647225309255,0.1556682596448889,-0.065323015984285,-0.2391379715866689,0.0287722046866311,-0.0373170693252885,-0.0065457384087,0.0071932679375787,0.1556682596448943,-0.0653230159844423,-0.2391379715888085,0.0287722047382865,-0.037317069034669,-0.0065457382673849,0.007193266543466,0.1556682596448895,-0.0653230159843175,-0.239137971586364,0.0287722046923081,-0.0373170693848631,-0.0065457382903243,0.0071932667072233
2020-01-11 08:00:00,0.05610074,8,2020,1,11,0,-0.1841809810338355,0.0302027698398809,0.0323841842386197,0.1597837751842375,-0.0769178071942395,-0.2382456969725545,0.0363664916858527,-0.0556858786773064,0.0051061438476623,-0.006915812815039,0.1597837751842423,-0.0769178071943801,-0.2382456969744273,0.0363664917312781,-0.0556858784236912,0.0051061439777884,-0.0069158140671089,0.159783775184238,-0.0769178071942719,-0.2382456969722423,0.0363664916908411,-0.0556858787288159,0.0051061439588713,-0.0069158139087866
2020-01-11 09:00:00,0.05610074,9,2020,1,11,0,-0.2433585759755406,0.0010952790649376,0.0317872306872771,0.15975905965098,-0.0819954805137209,-0.2327456848471453,0.0044918966016318,-0.0812741847378122,0.0219860052472597,-0.0085093450537051,0.159759059650982,-0.081995480513765,-0.2327456848481096,0.0044918966206948,-0.0812741846043742,0.0219860052648381,-0.0085093452886861,0.1597590596509802,-0.0819954805137142,-0.2327456848471782,0.0044918966027096,-0.0812741847432482,0.0219860052554615,-0.0085093452353822
2020-01-11 10:00:00,0.03066048,10,2020,1,11,0,-0.1760228720671668,0.0025452675350609,0.0203725523692652,0.172830577353036,-0.0907610618998525,-0.2325564611496869,-0.0343814763008937,-0.1041252695653867,0.0155065860934873,-0.039101745740722,0.1728305773530366,-0.0907610618998585,-0.2325564611500815,-0.0343814762952291,-0.1041252695098044,0.0155065860800904,-0.0391017456507881,0.172830577353036,-0.090761061899842,-0.2325564611497509,-0.0343814763012581,-0.1041252695546619,0.0155065860787819,-0.0391017456255815
2020-01-11 11:00:00,0.034471456,11,2020,1,11,0,-0.1444791581327535,-0.0199607271468931,0.0866987746999775,0.1444099027397914,-0.1056132941301665,-0.2203264645922811,-0.0473073199235265,-0.0898121943933579,0.0131240663800078,-0.0680401778396653,0.1444099027397925,-0.1056132941302065,-0.220326464592716,-0.0473073199132477,-0.0898121943357307,0.0131240664291451,-0.0680401781840108,0.1444099027397916,-0.1056132941301945,-0.2203264645920094,-0.047307319922997,-0.0898121943973708,0.0131240664291146,-0.0680401780452901
2020-01-11 12:00:00,0.03592984,12,2020,1,11,0,-0.0895628182149756,-0.0363141253751947,0.1412603533704396,0.0693712917329566,-0.1158634946922956,-0.1657451175623544,-0.0255906498852365,-0.0267332454077527,-0.0097541720337797,-0.0814483315048423,0.0693712917329529,-0.1158634946921786,-0.1657451175609407,-0.0255906499212021,-0.0267332455990085,-0.0097541721536836,-0.0814483303968683,0.0693712917329563,-0.1158634946922575,-0.1657451175626566,-0.0255906498893254,-0.0267332453544371,-0.0097541721316258,-0.0814483305501952
2020-01-11 13:00:00,0.02079336,13,2020,1,11,0,0.0067249644439095,-0.0368456551205743,0.3045414037154502,0.1698586667708966,-0.1912457326364425,-0.0843604891645666,-0.0088650773930202,0.054667244935687,-0.0302979868291655,-0.1047240054934863,0.1698586667708951,-0.1912457326363879,-0.08436048916412,-0.0088650774065251,0.0546672448761391,-0.0302979868990254,-0.1047240049085745,0.1698586667708965,-0.1912457326364078,-0.0843604891648324,-0.0088650773947069,0.0546672449629813,-0.0302979868906658,-0.1047240050221882
2020-01-11 14:00:00,0.025770012,14,2020,1,11,0,0.0243636938582314,0.0082548004960679,0.3772856810746677,0.2049594531880404,-0.2170864751487863,-0.0658896373176037,-0.0108690741042313,0.0840705569814066,-0.0391618275301339,-0.1034204553021545,0.2049594531880416,-0.2170864751488387,-0.0658896373179622,-0.010869074093538,0.0840705570255505,-0.0391618274464687,-0.1034204558387279,0.2049594531880406,-0.2170864751488368,-0.0658896373171585,-0.0108690741034522,0.0840705569653306,-0.0391618274493863,-0.1034204556346739
2020-01-11 15:00:00,0.035769865,15,2020,1,11,0,0.0477395012429913,0.0324126785311074,0.4062915948765996,0.1874527336152778,-0.20600155702494,-0.0703056232208657,-0.0246324650604026,0.1097552364011512,-0.0483704006858096,-0.0940269009184276,0.1874527336152768,-0.206001557024932,-0.0703056232202508,-0.024632465069832,0.1097552363130887,-0.0483704006601636,-0.0940269010491257,0.1874527336152779,-0.2060015570249619,-0.0703056232206617,-0.0246324650601402,0.1097552363965135,-0.048370400649539,-0.0940269010520327
2020-01-11 16:00:00,0.055018976,16,2020,1,11,0,0.012992813315517,0.0716429363524656,0.315928946116812,0.1736573285931809,-0.1643658583470536,-0.0955422931703442,0.0094263279934611,0.1004095856755405,-0.0107277179525613,-0.0591343482488454,0.1736573285931807,-0.1643658583470872,-0.0955422931696918,0.0094263279928554,0.1004095855791423,-0.0107277178742437,-0.0591343491075637,0.1736573285931814,-0.1643658583470694,-0.0955422931701726,0.0094263279985985,0.1004095856246356,-0.0107277178604905,-0.0591343493311534
2020-01-11 17:00:00,0.04329778,17,2020,1,11,0,-0.0100950712759251,0.0953035848444933,0.2129211557482062,0.0847487943070399,-0.0919483458273423,-0.1297795510791698,0.0395250560315585,0.0884220977290574,0.0129125550203608,-0.0622466945169054,0.0847487943070433,-0.0919483458275093,-0.1297795510796436,0.0395250560635034,0.0884220977797169,0.012912555273419,-0.0622466967554918,0.0847487943070407,-0.0919483458274444,-0.129779551078245,0.0395250560404622,0.0884220976277273,0.0129125552768543,-0.0622466966680316
2020-01-11 18:00:00,0.069195464,18,2020,1,11,0,-0.0075808698316981,0.136150168301796,0.118626235795801,-0.0549116245185458,-0.0134662219961998,-0.1265234671398276,0.0677008298086372,0.0534758976521326,0.039381655114469,-0.0626395490894996,-0.0549116245185519,-0.0134662219960085,-0.1265234671375638,0.0677008297505659,0.0534758973461023,0.0393816549168488,-0.0626395472609697,-0.0549116245185465,-0.0134662219961399,-0.1265234671403653,0.0677008298017353,0.0534758977305193,0.0393816549447025,-0.0626395474951619
2020-01-11 19:00:00,0.2194004,19,2020,1,11,0,-0.016393479931748,0.2880838558786421,0.052358503635217,-0.1877640163518916,0.0605834369390517,-0.1099046991494252,0.0614179238860866,0.0479875104262573,0.0423433150426944,-0.0309205412198559,-0.1877640163518933,0.0605834369391232,-0.1099046991487747,0.0614179238687785,0.0479875103395385,0.0423433149466652,-0.0309205405241885,-0.1877640163518917,0.0605834369391066,-0.1099046991498959,0.0614179238848541,0.0479875104470898,0.0423433149547848,-0.0309205407595935
2020-01-11 20:00:00,0.2729522,20,2020,1,11,0,-0.0453578117120903,0.3123955515413898,-0.0097745682630957,-0.2319150526088569,0.098027911784947,-0.0865104500944785,0.0455806480981436,0.0151076654442969,0.0568909653518828,-0.0189283113103276,-0.2319150526088617,0.0980279117851117,-0.0865104500927412,0.0455806480526824,0.015107665211785,0.0568909651588917,-0.0189283097165621,-0.2319150526088575,0.0980279117850312,-0.0865104500952131,0.0455806480934276,0.015107665504768,0.0568909651788477,-0.0189283100598501
2020-01-11 21:00:00,0.27657616,21,2020,1,11,0,-0.0535206587146328,0.3199843638745517,-0.0503426132134624,-0.2349727197926288,0.1139679713720168,-0.0789639930737156,0.0494890007965157,-0.0017991540075578,0.0588104771887073,0.0079908369316167,-0.2349727197926289,0.1139679713720215,-0.0789639930735866,0.0494890007949635,-0.0017991540258865,0.0588104771831132,0.0079908369184774,-0.2349727197926289,0.1139679713720259,-0.0789639930737959,0.0494890007971567,-0.0017991540136536,0.0588104771846001,0.0079908368430848
2020-01-11 22:00:00,0.24834667,22,2020,1,11,0,-0.0645169772009202,0.2546737025040411,-0.0673466793301474,-0.1869200366782793,0.130182346667068,-0.0814654868175997,0.0462068654472766,-0.0186961452024524,0.0609204820857681,0.039641691043167,-0.1869200366782767,0.1301823466669574,-0.0814654868181946,0.046206865471784,-0.0186961451285919,0.0609204822405957,0.0396416896915841,-0.186920036678279,0.1301823466670052,-0.0814654868170705,0.0462068654523791,-0.0186961452680214,0.0609204822326865,0.0396416897947754
2020-01-11 23:00:00,0.1885054,23,2020,1,11,0,-0.0125021773617007,0.1904044345347069,-0.0615568472560312,-0.1094580554469698,0.122233018033347,-0.0936894281616843,0.0733233987615522,-0.0118222280965986,0.0519598504382078,0.0687906050663121,-0.1094580554469674,0.1222330180332192,-0.0936894281618966,0.0733233987834292,-0.0118222280789378,0.0519598506458246,0.0687906033185728,-0.1094580554469693,0.122233018033251,-0.0936894281608665,0.0733233987678621,-0.0118222281789823,0.0519598506450703,0.0687906034493408
2020-01-12 00:00:00,0.069916986,0,2020,1,12,0,-0.0484793149599095,0.0346672424025077,-0.0215495480773888,-0.0076908445147542,0.0868226664651658,-0.1399583195022207,0.0601974379071278,-0.0189424164124895,0.0341737414309574,0.0984281312609787,-0.0076908445147486,0.0868226664649358,-0.1399583195035804,0.060197437960634,-0.0189424162404704,0.0341737417385519,0.098428128461689,-0.0076908445147532,0.0868226664650533,-0.1399583195012436,0.0601974379184474,-0.0189424165473796,0.034173741725561,0.0984281286007742
2020-01-12 01:00:00,0.0746963,1,2020,1,12,0,-0.1436190268458613,0.0821677681967726,-0.0140947069250702,0.0002135523693019,0.1042117082978247,-0.1623415131906374,0.0780522101855852,-0.0283593010569675,0.0362915533134848,0.1105594527158586,0.0002135523693012,0.1042117082978442,-0.1623415131903464,0.0780522101790845,-0.0283593010959252,0.0362915532949759,0.1105594528684315,0.0002135523693018,0.1042117082978301,-0.1623415131907034,0.0780522101850658,-0.0283593010533234,0.0362915532964783,0.1105594528308828
2020-01-12 02:00:00,0.059162576,2,2020,1,12,0,-0.259305793711429,0.0736099515454963,-0.0323030059958392,0.0274126012679022,0.090106897730405,-0.1703570326137229,0.0730727563338405,-0.0366148416163234,0.0354185498539054,0.093304325691232,0.0274126012679028,0.0901068977303766,-0.1703570326137554,0.0730727563393585,-0.0366148416139968,0.0354185498943757,0.0933043252657055,0.0274126012679024,0.0901068977303949,-0.1703570326136303,0.0730727563360147,-0.0366148416393307,0.0354185498955042,0.0933043252213529
2020-01-12 03:00:00,0.053615183,3,2020,1,12,0,-0.312874431172926,0.0523819774115573,-0.0490588919879158,0.0266340324797837,0.0714882446257302,-0.1586655021711598,0.0660772279351199,-0.0293103366420412,0.0315236226409095,0.0766062670749092,0.0266340324797862,0.0714882446256452,-0.1586655021720614,0.0660772279592304,-0.0293103365213798,0.0315236227351,0.0766062662359397,0.0266340324797839,0.0714882446256957,-0.1586655021708582,0.0660772279380877,-0.0293103366771983,0.031523622724904,0.0766062663580806
2020-01-12 04:00:00,0.027785636,4,2020,1,12,0,-0.3198544841863032,0.0393706975296774,0.0015938132204109,0.0710560676191794,0.0492098383275829,-0.1687054724750072,0.0644568970465745,-0.0087357474231803,0.0261668934165458,0.0548126257696304,0.0710560676191807,0.0492098383275535,-0.1687054724756306,0.0644568970587019,-0.0087357473370121,0.0261668934318345,0.054812625618576,0.0710560676191795,0.0492098383275811,-0.1687054724749959,0.0644568970469736,-0.0087357474279277,0.0261668934231313,0.0548126256858051
2020-01-12 05:00:00,0.025148686,5,2020,1,12,0,-0.3046828268495474,0.0311299970277311,0.0130390504056797,0.1043609468752358,0.0231334536419825,-0.2009419636826035,0.0652010419199701,0.0067753841739435,0.0126347400787784,0.0519586898547841,0.1043609468752393,0.0231334536418759,-0.2009419636840188,0.0652010419543996,0.0067753843657323,0.012634740177477,0.0519586888997701,0.1043609468752362,0.0231334536419577,-0.2009419636823783,0.0652010419237523,0.0067753841327588,0.0126347401611763,0.0519586890183754
2020-01-12 06:00:00,0.033673204,6,2020,1,12,0,-0.2194307944241888,0.0744933349947472,0.0480408737661291,0.1139235669193574,-0.0062583716304943,-0.2138546576325998,0.0698402273974469,0.0349423142012702,-0.0083319082236685,0.0212071613354313,0.113923566919358,-0.0062583716304956,-0.2138546576330281,0.0698402274034722,0.0349423142626005,-0.0083319082504332,0.0212071614846916,0.1139235669193574,-0.0062583716304725,-0.2138546576327847,0.0698402273972223,0.0349423142084937,-0.0083319082557421,0.0212071614642523
2020-01-12 07:00:00,0.03272072,7,2020,1,12,0,-0.2550352293611554,0.068745588514087,0.080668226522824,0.1141910401988606,-0.0222357109516873,-0.2122724834894313,0.0763553927936551,0.0186009932572648,-0.0304434485688729,-0.0072003589497072,0.114191040198861,-0.0222357109516916,-0.2122724834896733,0.076355392796925,0.0186009932913859,-0.0304434485742986,-0.0072003588902792,0.1141910401988606,-0.0222357109516861,-0.2122724834894425,0.0763553927931651,0.0186009932633855,-0.0304434485769912,-0.0072003588469733
2020-01-12 08:00:00,0.035768744,8,2020,1,12,0,-0.2781342003461792,0.0653653416759111,0.0583966704089115,0.0745070627644218,-0.0406392058335008,-0.2241649812659344,0.0590266093179254,-0.0146947165934159,-0.0320695409498613,-0.0127868503043619,0.0745070627644226,-0.040639205833513,-0.2241649812663196,0.059026609324701,-0.0146947165393637,-0.0320695409525869,-0.0127868503188065,0.0745070627644219,-0.0406392058334944,-0.2241649812659907,0.0590266093180293,-0.0146947165928601,-0.0320695409575507,-0.0127868503002807
2020-01-12 09:00:00,0.044770002,9,2020,1,12,0,-0.2915664899331986,0.0282495457513626,0.0392031716539888,0.0850526617617214,-0.0805067599549241,-0.2374218643816919,0.0395364907891734,-0.0509132925721166,-0.032038570680441,-0.0223286914308688,0.0850526617617252,-0.0805067599550441,-0.2374218643831587,0.0395364908258185,-0.0509132923746982,-0.0320385705582888,-0.0223286925382016,0.0850526617617218,-0.0805067599549634,-0.2374218643813396,0.0395364907932166,-0.0509132926180582,-0.0320385705745888,-0.022328692369491
2020-01-12 10:00:00,0.038520113,10,2020,1,12,0,-0.2986405453925695,0.0534429714618257,0.0296201136617925,0.0453186270695447,-0.101984016726688,-0.2324462151890715,0.0059035483476428,-0.0644595942087553,-0.0419539542748863,-0.0327923235229549,0.0453186270695451,-0.101984016726697,-0.2324462151892093,0.0059035483511806,-0.0644595941897713,-0.0419539542717408,-0.0327923236100035,0.0453186270695448,-0.1019840167266823,-0.232446215189108,0.0059035483483485,-0.0644595942124654,-0.0419539542717514,-0.0327923236424358
2020-01-12 11:00:00,0.06404077,11,2020,1,12,0,-0.2687599001287428,0.0589581839789734,0.0107829266772923,0.005332576338625,-0.0921686894124832,-0.2261447821193072,-0.0071376384750428,-0.0861907125964106,-0.0350447632891878,-0.0226486439276741,0.0053325763386243,-0.0921686894124528,-0.2261447821190803,-0.0071376384819739,-0.086190712625835,-0.0350447633341579,-0.0226486436022935,0.005332576338625,-0.0921686894124577,-0.2261447821195061,-0.0071376384757047,-0.0861907125812622,-0.0350447633285031,-0.0226486436987106
2020-01-12 12:00:00,0.070218496,12,2020,1,12,0,-0.2567297829641636,0.0045907246218439,-0.0066712192310574,0.0081665936169034,-0.1187430882635369,-0.214271372626963,0.0007102340128262,-0.081813083773418,-0.0323136606670987,-0.0200690704594156,0.0081665936169036,-0.1187430882635365,-0.21427137262702,0.0007102340140863,-0.0818130837656948,-0.032313660676542,-0.0200690704477289,0.0081665936169035,-0.1187430882635235,-0.21427137262705,0.0007102340133815,-0.0818130837721837,-0.03231366067343,-0.0200690705110421
2020-01-12 13:00:00,0.07605578,13,2020,1,12,0,-0.2678657110097694,0.0018403741919929,0.0059537132327121,0.012986989405265,-0.1257343604964914,-0.2269159096205391,0.0107411347782322,-0.0809601972599636,-0.0314922917844337,0.0139678195018151,0.012986989405265,-0.1257343604964867,-0.2269159096204745,0.01074113477763,-0.0809601972690728,-0.0314922917962574,0.0139678195115292,0.0129869894052652,-0.1257343604964754,-0.2269159096206498,0.0107411347790151,-0.080960197260971,-0.0314922917916221,0.0139678194144113
2020-01-12 14:00:00,0.0800706,14,2020,1,12,0,-0.2758195411565231,-0.0033599254509482,0.036369774219404,0.0495156326736766,-0.1195294802916755,-0.2146117724833359,0.0294671582330741,-0.0679178695134732,-0.0118431815100068,0.0009792465472175,0.0495156326736736,-0.11952948029157,-0.2146117724822059,0.0294671582038842,-0.0679178696647483,-0.0118431816354596,0.0009792475568187,0.0495156326736764,-0.1195294802916178,-0.2146117724838125,0.0294671582303275,-0.0679178694718562,-0.0118431816185149,0.0009792473111148
2020-01-12 15:00:00,0.057046942,15,2020,1,12,0,-0.2505287586100983,-0.001654510428555,0.0885023505921975,0.0989696970862706,-0.1028133231441875,-0.2023175903407633,0.0293997581972091,-0.0296590759650008,0.0169934017571433,-0.0275091996060448,0.0989696970862699,-0.1028133231441653,-0.2023175903404696,0.0293997581906541,-0.0296590760051779,0.016993401731344,-0.0275091994259743,0.0989696970862707,-0.1028133231441714,-0.2023175903408742,0.0293997581970859,-0.0296590759566825,0.0169934017387579,-0.0275091995151718
2020-01-12 16:00:00,0.07213112,16,2020,1,12,0,-0.2654592057938475,0.0199031955588848,0.0808512736712582,0.114600151654914,-0.0649260644555189,-0.1890638751383959,0.035402935683813,-0.0201865299566629,0.0390712979615803,-0.0079330634048167,0.1146001516549113,-0.0649260644554349,-0.1890638751374238,0.0354029356592397,-0.0201865300874745,0.0390712978677668,-0.0079330626151501,0.1146001516549138,-0.0649260644554798,-0.1890638751387079,0.0354029356814311,-0.0201865299212822,0.0390712978832635,-0.0079330627853311
2020-01-12 17:00:00,0.032029264,17,2020,1,12,0,-0.1996224235741677,0.0138967023540494,0.1452483837245595,0.2048363884781905,-0.0554715525416628,-0.1847735335754288,0.0416932455970393,0.013717659522259,0.0455923426907129,-0.0111328545718815,0.2048363884781907,-0.0554715525416654,-0.1847735335755373,0.0416932455995154,0.0137176595369826,0.0455923426843444,-0.0111328545844732,0.2048363884781906,-0.0554715525416493,-0.1847735335755218,0.0416932455977216,0.0137176595202561,0.0455923426854099,-0.0111328546450538
2020-01-12 18:00:00,0.032029264,18,2020,1,12,0,-0.1416435819075961,-0.0327055996460398,0.1209780220796949,0.256214068037806,-0.0566176461225515,-0.1832013780364627,0.022620045466128,-0.0029278023027005,0.0482162844264826,0.006948302669274,0.2562140680378006,-0.0566176461223753,-0.1832013780345108,0.0226200454163097,-0.0029278025641939,0.0482162842242436,0.0069483043362746,0.2562140680378056,-0.0566176461224639,-0.1832013780372091,0.0226200454612834,-0.0029278022367757,0.0482162842495963,0.0069483039603294
2020-01-12 19:00:00,0.03198986,19,2020,1,12,0,-0.2466907156672999,-0.0067425472171876,0.079672529481414,0.2503038226092631,-0.0455583953069505,-0.1689127550264033,0.0082094468155239,-0.0400643347433256,0.0613210972202123,-0.0185558319861137,0.2503038226092655,-0.0455583953070228,-0.1689127550272671,0.0082094468394387,-0.0400643346276471,0.0613210972823366,-0.0185558327348198,0.2503038226092636,-0.0455583953069458,-0.1689127550264008,0.0082094468198764,-0.0400643347825315,0.0613210972759369,-0.0185558328122812
2020-01-12 20:00:00,0.033910308,20,2020,1,12,0,-0.2327064017198498,0.0256626778391859,0.0317812627974424,0.2582739308755996,-0.0112270754122594,-0.1775605928385936,-0.0254643997582334,-0.0487848818785268,0.0522236334058284,-0.0215972758648495,0.2582739308755933,-0.0112270754120516,-0.1775605928362254,-0.0254643998173747,-0.0487848821963744,0.0522236331677138,-0.0215972739436373,0.2582739308755993,-0.0112270754121521,-0.1775605928394998,-0.0254643997634387,-0.048784881804295,0.0522236331993993,-0.0215972744298182
